generated,dataset,match_type,exact_byte,exact_pixel,ahash_distance,dhash_distance,phash_distance,dataset_source,generated_source
synthetic_outputs/gemini_wrong_hard_cases_mixed_20260524T032756Z/hard_cases/mixed_001_rendered_connect_the_lines_000009.png,data/babyvision_data/images/c4c47ac5-48c8-47b2-a00d-09b199e5d81a.png,nearest,False,False,23,26,20,data/babyvision_data/images,synthetic_outputs/gemini_wrong_hard_cases_mixed_20260524T032756Z/hard_cases
synthetic_outputs/gemini_wrong_hard_cases_mixed_20260524T032756Z/hard_cases/mixed_001_rendered_connect_the_lines_000009.png,data/babyvision_data/images/f63f93f6-51b2-4a72-9a96-c1ba5d06dc4b.jpg,nearest,False,False,26,28,20,data/babyvision_data/images,synthetic_outputs/gemini_wrong_hard_cases_mixed_20260524T032756Z/hard_cases
synthetic_outputs/gemini_wrong_hard_cases_mixed_20260524T032756Z/hard_cases/mixed_001_rendered_connect_the_lines_000009.png,data/babyvision_data/images/29742a10-56e3-469f-959e-ea1b679f24e9.png,nearest,False,False,28,28,20,data/babyvision_data/images,synthetic_outputs/gemini_wrong_hard_cases_mixed_20260524T032756Z/hard_cases
synthetic_outputs/gemini_wrong_hard_cases_mixed_20260524T032756Z/hard_cases/mixed_002_rendered_overlay_patterns_000012.png,data/babyvision_data/images/f63f93f6-51b2-4a72-9a96-c1ba5d06dc4b.jpg,nearest,False,False,22,33,18,data/babyvision_data/images,synthetic_outputs/gemini_wrong_hard_cases_mixed_20260524T032756Z/hard_cases
synthetic_outputs/gemini_wrong_hard_cases_mixed_20260524T032756Z/hard_cases/mixed_002_rendered_overlay_patterns_000012.png,data/babyvision_data/images/119dd196-7088-40b6-b888-45bd420551f5.jpg,nearest,False,False,25,23,22,data/babyvision_data/images,synthetic_outputs/gemini_wrong_hard_cases_mixed_20260524T032756Z/hard_cases
synthetic_outputs/gemini_wrong_hard_cases_mixed_20260524T032756Z/hard_cases/mixed_002_rendered_overlay_patterns_000012.png,data/babyvision_data/images/a10c4089-cddd-40cb-a25e-ed0db948b32b.jpg,nearest,False,False,19,26,22,data/babyvision_data/images,synthetic_outputs/gemini_wrong_hard_cases_mixed_20260524T032756Z/hard_cases
synthetic_outputs/gemini_wrong_hard_cases_mixed_20260524T032756Z/hard_cases/mixed_003_rendered_find_the_same_000014.png,data/babyvision_data/images/81be3996-0374-4529-8979-b5468c6adc36.png,nearest,False,False,12,17,18,data/babyvision_data/images,synthetic_outputs/gemini_wrong_hard_cases_mixed_20260524T032756Z/hard_cases
synthetic_outputs/gemini_wrong_hard_cases_mixed_20260524T032756Z/hard_cases/mixed_003_rendered_find_the_same_000014.png,data/babyvision_data/images/2c8e40ab-525c-4189-9eb5-4c5bd9b3099f.jpg,nearest,False,False,12,24,18,data/babyvision_data/images,synthetic_outputs/gemini_wrong_hard_cases_mixed_20260524T032756Z/hard_cases
synthetic_outputs/gemini_wrong_hard_cases_mixed_20260524T032756Z/hard_cases/mixed_003_rendered_find_the_same_000014.png,data/babyvision_data/images/a450ddcb-8548-49ea-aee4-ff3bede26ef6.jpg,nearest,False,False,12,25,18,data/babyvision_data/images,synthetic_outputs/gemini_wrong_hard_cases_mixed_20260524T032756Z/hard_cases
synthetic_outputs/gemini_wrong_hard_cases_mixed_20260524T032756Z/hard_cases/mixed_004_rendered_connect_the_lines_000015.png,data/babyvision_data/images/732da25b-91ba-4f85-b172-a22b7b73f2a5.jpg,nearest,False,False,27,27,18,data/babyvision_data/images,synthetic_outputs/gemini_wrong_hard_cases_mixed_20260524T032756Z/hard_cases
synthetic_outputs/gemini_wrong_hard_cases_mixed_20260524T032756Z/hard_cases/mixed_004_rendered_connect_the_lines_000015.png,data/babyvision_data/images/40829b36-905b-4985-a87d-0624ad8b0be8.jpg,nearest,False,False,23,29,18,data/babyvision_data/images,synthetic_outputs/gemini_wrong_hard_cases_mixed_20260524T032756Z/hard_cases
synthetic_outputs/gemini_wrong_hard_cases_mixed_20260524T032756Z/hard_cases/mixed_004_rendered_connect_the_lines_000015.png,data/babyvision_data/images/36127ca4-be61-4936-a84b-0131e4e26dd0.jpg,nearest,False,False,27,30,18,data/babyvision_data/images,synthetic_outputs/gemini_wrong_hard_cases_mixed_20260524T032756Z/hard_cases
synthetic_outputs/gemini_wrong_hard_cases_mixed_20260524T032756Z/hard_cases/mixed_005_rendered_connect_the_lines_000021.png,data/babyvision_data/images/1323d501-85a7-4a9e-abe4-2f5b7e22e458.jpg,nearest,False,False,30,21,20,data/babyvision_data/images,synthetic_outputs/gemini_wrong_hard_cases_mixed_20260524T032756Z/hard_cases
synthetic_outputs/gemini_wrong_hard_cases_mixed_20260524T032756Z/hard_cases/mixed_005_rendered_connect_the_lines_000021.png,data/babyvision_data/images/5cbdbd18-1743-4e2c-9418-6d7ec4f7ba2c.png,nearest,False,False,22,30,20,data/babyvision_data/images,synthetic_outputs/gemini_wrong_hard_cases_mixed_20260524T032756Z/hard_cases
synthetic_outputs/gemini_wrong_hard_cases_mixed_20260524T032756Z/hard_cases/mixed_005_rendered_connect_the_lines_000021.png,data/babyvision_data/images/bfe77107-fea0-49f9-96f1-f88b9f62499b.png,nearest,False,False,23,22,22,data/babyvision_data/images,synthetic_outputs/gemini_wrong_hard_cases_mixed_20260524T032756Z/hard_cases
synthetic_outputs/gemini_wrong_hard_cases_mixed_20260524T032756Z/hard_cases/mixed_006_rendered_find_the_same_000026.png,data/babyvision_data/images/a450ddcb-8548-49ea-aee4-ff3bede26ef6.jpg,nearest,False,False,12,25,14,data/babyvision_data/images,synthetic_outputs/gemini_wrong_hard_cases_mixed_20260524T032756Z/hard_cases
synthetic_outputs/gemini_wrong_hard_cases_mixed_20260524T032756Z/hard_cases/mixed_006_rendered_find_the_same_000026.png,data/babyvision_data/images/81be3996-0374-4529-8979-b5468c6adc36.png,nearest,False,False,12,19,16,data/babyvision_data/images,synthetic_outputs/gemini_wrong_hard_cases_mixed_20260524T032756Z/hard_cases
synthetic_outputs/gemini_wrong_hard_cases_mixed_20260524T032756Z/hard_cases/mixed_006_rendered_find_the_same_000026.png,data/babyvision_data/images/b2343498-7f90-4d99-9a2c-6f14b3feb332.png,nearest,False,False,12,21,16,data/babyvision_data/images,synthetic_outputs/gemini_wrong_hard_cases_mixed_20260524T032756Z/hard_cases
synthetic_outputs/gemini_wrong_hard_cases_mixed_20260524T032756Z/hard_cases/mixed_007_rendered_connect_the_lines_000039.png,data/babyvision_data/images/f78c6b21-17da-4efa-875f-032cf15905bf.png,nearest,False,False,25,22,20,data/babyvision_data/images,synthetic_outputs/gemini_wrong_hard_cases_mixed_20260524T032756Z/hard_cases
synthetic_outputs/gemini_wrong_hard_cases_mixed_20260524T032756Z/hard_cases/mixed_007_rendered_connect_the_lines_000039.png,data/babyvision_data/images/74c6b0c3-8ba1-47f0-ab86-8abaf78f32b3.jpg,nearest,False,False,22,25,20,data/babyvision_data/images,synthetic_outputs/gemini_wrong_hard_cases_mixed_20260524T032756Z/hard_cases
synthetic_outputs/gemini_wrong_hard_cases_mixed_20260524T032756Z/hard_cases/mixed_007_rendered_connect_the_lines_000039.png,data/babyvision_data/images/79bae992-1a88-4cc3-85e1-5516f4697869.png,nearest,False,False,22,27,20,data/babyvision_data/images,synthetic_outputs/gemini_wrong_hard_cases_mixed_20260524T032756Z/hard_cases
synthetic_outputs/gemini_wrong_hard_cases_mixed_20260524T032756Z/hard_cases/mixed_008_rendered_overlay_patterns_000048.png,data/babyvision_data/images/e2c4dba6-38ed-4b38-8f98-6199cecbcab9.png,nearest,False,False,19,28,20,data/babyvision_data/images,synthetic_outputs/gemini_wrong_hard_cases_mixed_20260524T032756Z/hard_cases
synthetic_outputs/gemini_wrong_hard_cases_mixed_20260524T032756Z/hard_cases/mixed_008_rendered_overlay_patterns_000048.png,data/babyvision_data/images/f63f93f6-51b2-4a72-9a96-c1ba5d06dc4b.jpg,nearest,False,False,23,33,20,data/babyvision_data/images,synthetic_outputs/gemini_wrong_hard_cases_mixed_20260524T032756Z/hard_cases
synthetic_outputs/gemini_wrong_hard_cases_mixed_20260524T032756Z/hard_cases/mixed_008_rendered_overlay_patterns_000048.png,data/babyvision_data/images/450f329d-6664-4aa6-8111-3cca73600da3.png,nearest,False,False,32,33,20,data/babyvision_data/images,synthetic_outputs/gemini_wrong_hard_cases_mixed_20260524T032756Z/hard_cases
synthetic_outputs/gemini_wrong_hard_cases_mixed_20260524T032756Z/hard_cases/mixed_009_rendered_connect_the_lines_000051.png,data/babyvision_data/images/a10c4089-cddd-40cb-a25e-ed0db948b32b.jpg,nearest,False,False,27,20,18,data/babyvision_data/images,synthetic_outputs/gemini_wrong_hard_cases_mixed_20260524T032756Z/hard_cases
synthetic_outputs/gemini_wrong_hard_cases_mixed_20260524T032756Z/hard_cases/mixed_009_rendered_connect_the_lines_000051.png,data/babyvision_data/images/3814869c-d600-431a-99de-beee1e2c46a5.png,nearest,False,False,25,28,18,data/babyvision_data/images,synthetic_outputs/gemini_wrong_hard_cases_mixed_20260524T032756Z/hard_cases
synthetic_outputs/gemini_wrong_hard_cases_mixed_20260524T032756Z/hard_cases/mixed_009_rendered_connect_the_lines_000051.png,data/babyvision_data/images/5b840d1f-79df-4e51-ac91-3451b8478e28.jpg,nearest,False,False,24,26,20,data/babyvision_data/images,synthetic_outputs/gemini_wrong_hard_cases_mixed_20260524T032756Z/hard_cases
synthetic_outputs/gemini_wrong_hard_cases_mixed_20260524T032756Z/hard_cases/mixed_010_rendered_connect_the_lines_000057.png,data/babyvision_data/images/74c6b0c3-8ba1-47f0-ab86-8abaf78f32b3.jpg,nearest,False,False,24,24,18,data/babyvision_data/images,synthetic_outputs/gemini_wrong_hard_cases_mixed_20260524T032756Z/hard_cases
synthetic_outputs/gemini_wrong_hard_cases_mixed_20260524T032756Z/hard_cases/mixed_010_rendered_connect_the_lines_000057.png,data/babyvision_data/images/cf8ef818-cbb0-44e7-8cce-5df1ac3faf88.png,nearest,False,False,28,16,20,data/babyvision_data/images,synthetic_outputs/gemini_wrong_hard_cases_mixed_20260524T032756Z/hard_cases
synthetic_outputs/gemini_wrong_hard_cases_mixed_20260524T032756Z/hard_cases/mixed_010_rendered_connect_the_lines_000057.png,data/babyvision_data/images/2c8e40ab-525c-4189-9eb5-4c5bd9b3099f.jpg,nearest,False,False,26,20,22,data/babyvision_data/images,synthetic_outputs/gemini_wrong_hard_cases_mixed_20260524T032756Z/hard_cases
synthetic_outputs/gemini_wrong_hard_cases_mixed_20260524T032756Z/hard_cases/mixed_011_rendered_connect_the_lines_000063.png,data/babyvision_data/images/2c8e40ab-525c-4189-9eb5-4c5bd9b3099f.jpg,nearest,False,False,26,33,18,data/babyvision_data/images,synthetic_outputs/gemini_wrong_hard_cases_mixed_20260524T032756Z/hard_cases
synthetic_outputs/gemini_wrong_hard_cases_mixed_20260524T032756Z/hard_cases/mixed_011_rendered_connect_the_lines_000063.png,data/babyvision_data/images/49cfa0c0-1622-413f-a9e0-294fa37f0980.png,nearest,False,False,30,25,20,data/babyvision_data/images,synthetic_outputs/gemini_wrong_hard_cases_mixed_20260524T032756Z/hard_cases
synthetic_outputs/gemini_wrong_hard_cases_mixed_20260524T032756Z/hard_cases/mixed_011_rendered_connect_the_lines_000063.png,data/babyvision_data/images/a57782ef-8f5f-487e-b5f8-c7959aa3d11e.png,nearest,False,False,33,29,20,data/babyvision_data/images,synthetic_outputs/gemini_wrong_hard_cases_mixed_20260524T032756Z/hard_cases
synthetic_outputs/gemini_wrong_hard_cases_mixed_20260524T032756Z/hard_cases/mixed_012_rendered_connect_the_lines_000069.png,data/babyvision_data/images/450f329d-6664-4aa6-8111-3cca73600da3.png,nearest,False,False,22,24,20,data/babyvision_data/images,synthetic_outputs/gemini_wrong_hard_cases_mixed_20260524T032756Z/hard_cases
synthetic_outputs/gemini_wrong_hard_cases_mixed_20260524T032756Z/hard_cases/mixed_012_rendered_connect_the_lines_000069.png,data/babyvision_data/images/f407f519-39a0-45a1-888b-8e2572142bdb.png,nearest,False,False,22,33,20,data/babyvision_data/images,synthetic_outputs/gemini_wrong_hard_cases_mixed_20260524T032756Z/hard_cases
synthetic_outputs/gemini_wrong_hard_cases_mixed_20260524T032756Z/hard_cases/mixed_012_rendered_connect_the_lines_000069.png,data/babyvision_data/images/69ebd148-f52e-4a34-97fc-ad344223f08b.png,nearest,False,False,28,36,20,data/babyvision_data/images,synthetic_outputs/gemini_wrong_hard_cases_mixed_20260524T032756Z/hard_cases
synthetic_outputs/gemini_wrong_hard_cases_mixed_20260524T032756Z/hard_cases/mixed_013_rendered_connect_the_lines_000081.png,data/babyvision_data/images/6615a5d7-c818-47a3-a24c-f81677e68484.png,nearest,False,False,26,25,20,data/babyvision_data/images,synthetic_outputs/gemini_wrong_hard_cases_mixed_20260524T032756Z/hard_cases
synthetic_outputs/gemini_wrong_hard_cases_mixed_20260524T032756Z/hard_cases/mixed_013_rendered_connect_the_lines_000081.png,data/babyvision_data/images/a7f69400-fa2b-423f-becd-7680e41696c9.png,nearest,False,False,32,27,20,data/babyvision_data/images,synthetic_outputs/gemini_wrong_hard_cases_mixed_20260524T032756Z/hard_cases
synthetic_outputs/gemini_wrong_hard_cases_mixed_20260524T032756Z/hard_cases/mixed_013_rendered_connect_the_lines_000081.png,data/babyvision_data/images/8c681f72-3da0-4bf5-ae56-aae4e6ab0245.png,nearest,False,False,26,29,20,data/babyvision_data/images,synthetic_outputs/gemini_wrong_hard_cases_mixed_20260524T032756Z/hard_cases
synthetic_outputs/gemini_wrong_hard_cases_mixed_20260524T032756Z/hard_cases/mixed_014_rendered_connect_the_lines_000087.png,data/babyvision_data/images/8274cdc8-dfcc-408c-bd14-9ba80cb28960.png,nearest,False,False,23,30,14,data/babyvision_data/images,synthetic_outputs/gemini_wrong_hard_cases_mixed_20260524T032756Z/hard_cases
synthetic_outputs/gemini_wrong_hard_cases_mixed_20260524T032756Z/hard_cases/mixed_014_rendered_connect_the_lines_000087.png,data/babyvision_data/images/81be3996-0374-4529-8979-b5468c6adc36.png,nearest,False,False,23,24,16,data/babyvision_data/images,synthetic_outputs/gemini_wrong_hard_cases_mixed_20260524T032756Z/hard_cases
synthetic_outputs/gemini_wrong_hard_cases_mixed_20260524T032756Z/hard_cases/mixed_014_rendered_connect_the_lines_000087.png,data/babyvision_data/images/9898e0d9-d7b0-41c0-b3ab-f59c7a843563.jpg,nearest,False,False,33,21,18,data/babyvision_data/images,synthetic_outputs/gemini_wrong_hard_cases_mixed_20260524T032756Z/hard_cases
synthetic_outputs/gemini_wrong_hard_cases_mixed_20260524T032756Z/hard_cases/mixed_015_rendered_connect_the_lines_000105.png,data/babyvision_data/images/255e842d-10b5-4303-a4aa-116fe17a2073.jpg,nearest,False,False,30,26,20,data/babyvision_data/images,synthetic_outputs/gemini_wrong_hard_cases_mixed_20260524T032756Z/hard_cases
synthetic_outputs/gemini_wrong_hard_cases_mixed_20260524T032756Z/hard_cases/mixed_015_rendered_connect_the_lines_000105.png,data/babyvision_data/images/49eaebb8-dcf6-480e-b4e2-1a82fa252f77.jpg,nearest,False,False,26,30,20,data/babyvision_data/images,synthetic_outputs/gemini_wrong_hard_cases_mixed_20260524T032756Z/hard_cases
synthetic_outputs/gemini_wrong_hard_cases_mixed_20260524T032756Z/hard_cases/mixed_015_rendered_connect_the_lines_000105.png,data/babyvision_data/images/74c6b0c3-8ba1-47f0-ab86-8abaf78f32b3.jpg,nearest,False,False,22,23,22,data/babyvision_data/images,synthetic_outputs/gemini_wrong_hard_cases_mixed_20260524T032756Z/hard_cases
synthetic_outputs/gemini_wrong_hard_cases_mixed_20260524T032756Z/hard_cases/mixed_016_rendered_connect_the_lines_000111.png,data/babyvision_data/images/cf8ef818-cbb0-44e7-8cce-5df1ac3faf88.png,nearest,False,False,28,31,18,data/babyvision_data/images,synthetic_outputs/gemini_wrong_hard_cases_mixed_20260524T032756Z/hard_cases
synthetic_outputs/gemini_wrong_hard_cases_mixed_20260524T032756Z/hard_cases/mixed_016_rendered_connect_the_lines_000111.png,data/babyvision_data/images/01ce368f-cc58-409a-a77b-ee8ab6e92cda.jpg,nearest,False,False,28,20,20,data/babyvision_data/images,synthetic_outputs/gemini_wrong_hard_cases_mixed_20260524T032756Z/hard_cases
synthetic_outputs/gemini_wrong_hard_cases_mixed_20260524T032756Z/hard_cases/mixed_016_rendered_connect_the_lines_000111.png,data/babyvision_data/images/adf605f7-e567-44dc-a764-16d3c050dfa3.jpg,nearest,False,False,26,24,20,data/babyvision_data/images,synthetic_outputs/gemini_wrong_hard_cases_mixed_20260524T032756Z/hard_cases
synthetic_outputs/gemini_wrong_hard_cases_mixed_20260524T032756Z/hard_cases/mixed_017_rendered_find_the_same_000116.png,data/babyvision_data/images/81be3996-0374-4529-8979-b5468c6adc36.png,nearest,False,False,12,19,16,data/babyvision_data/images,synthetic_outputs/gemini_wrong_hard_cases_mixed_20260524T032756Z/hard_cases
synthetic_outputs/gemini_wrong_hard_cases_mixed_20260524T032756Z/hard_cases/mixed_017_rendered_find_the_same_000116.png,data/babyvision_data/images/2c8e40ab-525c-4189-9eb5-4c5bd9b3099f.jpg,nearest,False,False,12,20,16,data/babyvision_data/images,synthetic_outputs/gemini_wrong_hard_cases_mixed_20260524T032756Z/hard_cases
synthetic_outputs/gemini_wrong_hard_cases_mixed_20260524T032756Z/hard_cases/mixed_017_rendered_find_the_same_000116.png,data/babyvision_data/images/450f329d-6664-4aa6-8111-3cca73600da3.png,nearest,False,False,27,28,18,data/babyvision_data/images,synthetic_outputs/gemini_wrong_hard_cases_mixed_20260524T032756Z/hard_cases
synthetic_outputs/gemini_wrong_hard_cases_mixed_20260524T032756Z/hard_cases/mixed_018_rendered_connect_the_lines_000117.png,data/babyvision_data/images/6527e7d3-dc9c-4fbf-b752-051fefac3038.png,nearest,False,False,26,31,18,data/babyvision_data/images,synthetic_outputs/gemini_wrong_hard_cases_mixed_20260524T032756Z/hard_cases
synthetic_outputs/gemini_wrong_hard_cases_mixed_20260524T032756Z/hard_cases/mixed_018_rendered_connect_the_lines_000117.png,data/babyvision_data/images/aecf8684-2f18-4295-b266-2ec670c9de2f.png,nearest,False,False,16,22,20,data/babyvision_data/images,synthetic_outputs/gemini_wrong_hard_cases_mixed_20260524T032756Z/hard_cases
synthetic_outputs/gemini_wrong_hard_cases_mixed_20260524T032756Z/hard_cases/mixed_018_rendered_connect_the_lines_000117.png,data/babyvision_data/images/3814869c-d600-431a-99de-beee1e2c46a5.png,nearest,False,False,31,23,20,data/babyvision_data/images,synthetic_outputs/gemini_wrong_hard_cases_mixed_20260524T032756Z/hard_cases
synthetic_outputs/gemini_wrong_hard_cases_mixed_20260524T032756Z/hard_cases/mixed_019_rendered_connect_the_lines_000123.png,data/babyvision_data/images/2c8e40ab-525c-4189-9eb5-4c5bd9b3099f.jpg,nearest,False,False,24,28,16,data/babyvision_data/images,synthetic_outputs/gemini_wrong_hard_cases_mixed_20260524T032756Z/hard_cases
synthetic_outputs/gemini_wrong_hard_cases_mixed_20260524T032756Z/hard_cases/mixed_019_rendered_connect_the_lines_000123.png,data/babyvision_data/images/173a924a-d607-4d64-a488-e70748c76db1.jpg,nearest,False,False,23,25,20,data/babyvision_data/images,synthetic_outputs/gemini_wrong_hard_cases_mixed_20260524T032756Z/hard_cases
synthetic_outputs/gemini_wrong_hard_cases_mixed_20260524T032756Z/hard_cases/mixed_019_rendered_connect_the_lines_000123.png,data/babyvision_data/images/1697eea4-6f47-4c67-ad3f-df5cfae1dcbe.jpg,nearest,False,False,27,27,20,data/babyvision_data/images,synthetic_outputs/gemini_wrong_hard_cases_mixed_20260524T032756Z/hard_cases
synthetic_outputs/gemini_wrong_hard_cases_mixed_20260524T032756Z/hard_cases/mixed_020_rendered_find_the_same_000128.png,data/babyvision_data/images/81be3996-0374-4529-8979-b5468c6adc36.png,nearest,False,False,12,18,16,data/babyvision_data/images,synthetic_outputs/gemini_wrong_hard_cases_mixed_20260524T032756Z/hard_cases
synthetic_outputs/gemini_wrong_hard_cases_mixed_20260524T032756Z/hard_cases/mixed_020_rendered_find_the_same_000128.png,data/babyvision_data/images/a450ddcb-8548-49ea-aee4-ff3bede26ef6.jpg,nearest,False,False,12,24,16,data/babyvision_data/images,synthetic_outputs/gemini_wrong_hard_cases_mixed_20260524T032756Z/hard_cases
synthetic_outputs/gemini_wrong_hard_cases_mixed_20260524T032756Z/hard_cases/mixed_020_rendered_find_the_same_000128.png,data/babyvision_data/images/40829b36-905b-4985-a87d-0624ad8b0be8.jpg,nearest,False,False,20,34,16,data/babyvision_data/images,synthetic_outputs/gemini_wrong_hard_cases_mixed_20260524T032756Z/hard_cases
synthetic_outputs/gemini_wrong_hard_cases_mixed_20260524T032756Z/hard_cases/mixed_021_rendered_connect_the_lines_000135.png,data/babyvision_data/images/adf605f7-e567-44dc-a764-16d3c050dfa3.jpg,nearest,False,False,22,23,20,data/babyvision_data/images,synthetic_outputs/gemini_wrong_hard_cases_mixed_20260524T032756Z/hard_cases
synthetic_outputs/gemini_wrong_hard_cases_mixed_20260524T032756Z/hard_cases/mixed_021_rendered_connect_the_lines_000135.png,data/babyvision_data/images/bf41b90b-ec5e-4b80-a734-105dea3175ff.jpg,nearest,False,False,21,28,20,data/babyvision_data/images,synthetic_outputs/gemini_wrong_hard_cases_mixed_20260524T032756Z/hard_cases
synthetic_outputs/gemini_wrong_hard_cases_mixed_20260524T032756Z/hard_cases/mixed_021_rendered_connect_the_lines_000135.png,data/babyvision_data/images/6615a5d7-c818-47a3-a24c-f81677e68484.png,nearest,False,False,27,30,20,data/babyvision_data/images,synthetic_outputs/gemini_wrong_hard_cases_mixed_20260524T032756Z/hard_cases
synthetic_outputs/gemini_wrong_hard_cases_mixed_20260524T032756Z/hard_cases/mixed_022_rendered_connect_the_lines_000141.png,data/babyvision_data/images/8883a18b-e55f-48de-a598-76200b86b070.png,nearest,False,False,22,28,20,data/babyvision_data/images,synthetic_outputs/gemini_wrong_hard_cases_mixed_20260524T032756Z/hard_cases
synthetic_outputs/gemini_wrong_hard_cases_mixed_20260524T032756Z/hard_cases/mixed_022_rendered_connect_the_lines_000141.png,data/babyvision_data/images/bfe77107-fea0-49f9-96f1-f88b9f62499b.png,nearest,False,False,16,30,20,data/babyvision_data/images,synthetic_outputs/gemini_wrong_hard_cases_mixed_20260524T032756Z/hard_cases
synthetic_outputs/gemini_wrong_hard_cases_mixed_20260524T032756Z/hard_cases/mixed_022_rendered_connect_the_lines_000141.png,data/babyvision_data/images/4bdfd416-cf1d-4c65-ba88-86dd645d8d46.png,nearest,False,False,33,22,22,data/babyvision_data/images,synthetic_outputs/gemini_wrong_hard_cases_mixed_20260524T032756Z/hard_cases
synthetic_outputs/gemini_wrong_hard_cases_mixed_20260524T032756Z/hard_cases/mixed_023_rendered_find_the_same_000146.png,data/babyvision_data/images/a450ddcb-8548-49ea-aee4-ff3bede26ef6.jpg,nearest,False,False,12,26,16,data/babyvision_data/images,synthetic_outputs/gemini_wrong_hard_cases_mixed_20260524T032756Z/hard_cases
synthetic_outputs/gemini_wrong_hard_cases_mixed_20260524T032756Z/hard_cases/mixed_023_rendered_find_the_same_000146.png,data/babyvision_data/images/81be3996-0374-4529-8979-b5468c6adc36.png,nearest,False,False,12,18,18,data/babyvision_data/images,synthetic_outputs/gemini_wrong_hard_cases_mixed_20260524T032756Z/hard_cases
synthetic_outputs/gemini_wrong_hard_cases_mixed_20260524T032756Z/hard_cases/mixed_023_rendered_find_the_same_000146.png,data/babyvision_data/images/b2343498-7f90-4d99-9a2c-6f14b3feb332.png,nearest,False,False,12,20,18,data/babyvision_data/images,synthetic_outputs/gemini_wrong_hard_cases_mixed_20260524T032756Z/hard_cases
synthetic_outputs/gemini_wrong_hard_cases_mixed_20260524T032756Z/hard_cases/mixed_024_rendered_connect_the_lines_000147.png,data/babyvision_data/images/c7ae76ef-a9e8-48bd-ba95-3eb9b08d3d63.jpg,nearest,False,False,28,29,18,data/babyvision_data/images,synthetic_outputs/gemini_wrong_hard_cases_mixed_20260524T032756Z/hard_cases
synthetic_outputs/gemini_wrong_hard_cases_mixed_20260524T032756Z/hard_cases/mixed_024_rendered_connect_the_lines_000147.png,data/babyvision_data/images/c3ba8afe-045b-4ee6-9680-c6797f2278e8.png,nearest,False,False,21,19,20,data/babyvision_data/images,synthetic_outputs/gemini_wrong_hard_cases_mixed_20260524T032756Z/hard_cases
synthetic_outputs/gemini_wrong_hard_cases_mixed_20260524T032756Z/hard_cases/mixed_024_rendered_connect_the_lines_000147.png,data/babyvision_data/images/cf8ef818-cbb0-44e7-8cce-5df1ac3faf88.png,nearest,False,False,29,23,20,data/babyvision_data/images,synthetic_outputs/gemini_wrong_hard_cases_mixed_20260524T032756Z/hard_cases
synthetic_outputs/gemini_wrong_hard_cases_mixed_20260524T032756Z/hard_cases/mixed_025_rendered_count_3d_blocks_000148.png,data/babyvision_data/images/1c313586-8053-49d3-adc6-a6de759b8dd8.png,nearest,False,False,22,21,18,data/babyvision_data/images,synthetic_outputs/gemini_wrong_hard_cases_mixed_20260524T032756Z/hard_cases
synthetic_outputs/gemini_wrong_hard_cases_mixed_20260524T032756Z/hard_cases/mixed_025_rendered_count_3d_blocks_000148.png,data/babyvision_data/images/8f75ab8d-3b27-4a37-866b-6807dd877653.jpg,nearest,False,False,17,23,18,data/babyvision_data/images,synthetic_outputs/gemini_wrong_hard_cases_mixed_20260524T032756Z/hard_cases
synthetic_outputs/gemini_wrong_hard_cases_mixed_20260524T032756Z/hard_cases/mixed_025_rendered_count_3d_blocks_000148.png,data/babyvision_data/images/c9a46eab-12d0-4e18-a4f6-4425f5aacb17.jpg,nearest,False,False,16,28,18,data/babyvision_data/images,synthetic_outputs/gemini_wrong_hard_cases_mixed_20260524T032756Z/hard_cases
synthetic_outputs/gemini_wrong_hard_cases_mixed_20260524T032756Z/hard_cases/mixed_026_rendered_connect_the_lines_000159.png,data/babyvision_data/images/963d3b6f-3815-44d3-b782-e7ccb27a3999.png,nearest,False,False,22,22,22,data/babyvision_data/images,synthetic_outputs/gemini_wrong_hard_cases_mixed_20260524T032756Z/hard_cases
synthetic_outputs/gemini_wrong_hard_cases_mixed_20260524T032756Z/hard_cases/mixed_026_rendered_connect_the_lines_000159.png,data/babyvision_data/images/b9816827-1a10-4154-9ab6-d9058261a006.png,nearest,False,False,23,26,22,data/babyvision_data/images,synthetic_outputs/gemini_wrong_hard_cases_mixed_20260524T032756Z/hard_cases
synthetic_outputs/gemini_wrong_hard_cases_mixed_20260524T032756Z/hard_cases/mixed_026_rendered_connect_the_lines_000159.png,data/babyvision_data/images/1bd3a5d9-3450-46ad-bc79-b0e18cff6e7b.png,nearest,False,False,25,27,22,data/babyvision_data/images,synthetic_outputs/gemini_wrong_hard_cases_mixed_20260524T032756Z/hard_cases
synthetic_outputs/gemini_wrong_hard_cases_mixed_20260524T032756Z/hard_cases/mixed_027_rendered_connect_the_lines_000183.png,data/babyvision_data/images/81be3996-0374-4529-8979-b5468c6adc36.png,nearest,False,False,26,29,18,data/babyvision_data/images,synthetic_outputs/gemini_wrong_hard_cases_mixed_20260524T032756Z/hard_cases
synthetic_outputs/gemini_wrong_hard_cases_mixed_20260524T032756Z/hard_cases/mixed_027_rendered_connect_the_lines_000183.png,data/babyvision_data/images/732da25b-91ba-4f85-b172-a22b7b73f2a5.jpg,nearest,False,False,32,25,20,data/babyvision_data/images,synthetic_outputs/gemini_wrong_hard_cases_mixed_20260524T032756Z/hard_cases
synthetic_outputs/gemini_wrong_hard_cases_mixed_20260524T032756Z/hard_cases/mixed_027_rendered_connect_the_lines_000183.png,data/babyvision_data/images/83fb3fa8-9dc9-422b-96c6-3c137cd03527.jpg,nearest,False,False,33,27,20,data/babyvision_data/images,synthetic_outputs/gemini_wrong_hard_cases_mixed_20260524T032756Z/hard_cases
synthetic_outputs/gemini_wrong_hard_cases_mixed_20260524T032756Z/hard_cases/mixed_028_rendered_connect_the_lines_000189.png,data/babyvision_data/images/b8b4cee5-2987-4d12-9d6a-060b727bfc82.png,nearest,False,False,33,26,22,data/babyvision_data/images,synthetic_outputs/gemini_wrong_hard_cases_mixed_20260524T032756Z/hard_cases
synthetic_outputs/gemini_wrong_hard_cases_mixed_20260524T032756Z/hard_cases/mixed_028_rendered_connect_the_lines_000189.png,data/babyvision_data/images/a1908d24-c780-4c08-beb5-2588b85de1db.png,nearest,False,False,37,28,22,data/babyvision_data/images,synthetic_outputs/gemini_wrong_hard_cases_mixed_20260524T032756Z/hard_cases
synthetic_outputs/gemini_wrong_hard_cases_mixed_20260524T032756Z/hard_cases/mixed_028_rendered_connect_the_lines_000189.png,data/babyvision_data/images/2c8e40ab-525c-4189-9eb5-4c5bd9b3099f.jpg,nearest,False,False,22,31,22,data/babyvision_data/images,synthetic_outputs/gemini_wrong_hard_cases_mixed_20260524T032756Z/hard_cases
synthetic_outputs/gemini_wrong_hard_cases_mixed_20260524T032756Z/hard_cases/mixed_029_rendered_3d_cube_unfold_000191.png,data/babyvision_data/images/14e4a1a2-123f-4c03-ac16-75adcdf275ee.jpg,nearest,False,False,14,25,18,data/babyvision_data/images,synthetic_outputs/gemini_wrong_hard_cases_mixed_20260524T032756Z/hard_cases
synthetic_outputs/gemini_wrong_hard_cases_mixed_20260524T032756Z/hard_cases/mixed_029_rendered_3d_cube_unfold_000191.png,data/babyvision_data/images/e2c4dba6-38ed-4b38-8f98-6199cecbcab9.png,nearest,False,False,16,30,20,data/babyvision_data/images,synthetic_outputs/gemini_wrong_hard_cases_mixed_20260524T032756Z/hard_cases
synthetic_outputs/gemini_wrong_hard_cases_mixed_20260524T032756Z/hard_cases/mixed_029_rendered_3d_cube_unfold_000191.png,data/babyvision_data/images/40829b36-905b-4985-a87d-0624ad8b0be8.jpg,nearest,False,False,16,24,22,data/babyvision_data/images,synthetic_outputs/gemini_wrong_hard_cases_mixed_20260524T032756Z/hard_cases
synthetic_outputs/gemini_wrong_hard_cases_mixed_20260524T032756Z/hard_cases/mixed_030_rendered_connect_the_lines_000195.png,data/babyvision_data/images/5cbdbd18-1743-4e2c-9418-6d7ec4f7ba2c.png,nearest,False,False,26,24,20,data/babyvision_data/images,synthetic_outputs/gemini_wrong_hard_cases_mixed_20260524T032756Z/hard_cases
synthetic_outputs/gemini_wrong_hard_cases_mixed_20260524T032756Z/hard_cases/mixed_030_rendered_connect_the_lines_000195.png,data/babyvision_data/images/90668042-0e8e-4b2c-9941-8eddbd452901.png,nearest,False,False,30,16,22,data/babyvision_data/images,synthetic_outputs/gemini_wrong_hard_cases_mixed_20260524T032756Z/hard_cases
synthetic_outputs/gemini_wrong_hard_cases_mixed_20260524T032756Z/hard_cases/mixed_030_rendered_connect_the_lines_000195.png,data/babyvision_data/images/2c8e40ab-525c-4189-9eb5-4c5bd9b3099f.jpg,nearest,False,False,21,26,22,data/babyvision_data/images,synthetic_outputs/gemini_wrong_hard_cases_mixed_20260524T032756Z/hard_cases
synthetic_outputs/gemini_wrong_hard_cases_mixed_20260524T032756Z/hard_cases/mixed_031_rendered_connect_the_lines_000201.png,data/babyvision_data/images/40829b36-905b-4985-a87d-0624ad8b0be8.jpg,nearest,False,False,25,36,16,data/babyvision_data/images,synthetic_outputs/gemini_wrong_hard_cases_mixed_20260524T032756Z/hard_cases
synthetic_outputs/gemini_wrong_hard_cases_mixed_20260524T032756Z/hard_cases/mixed_031_rendered_connect_the_lines_000201.png,data/babyvision_data/images/d1e8b2ff-cae6-4718-9c3f-75e260bf9b5e.png,nearest,False,False,22,28,18,data/babyvision_data/images,synthetic_outputs/gemini_wrong_hard_cases_mixed_20260524T032756Z/hard_cases
synthetic_outputs/gemini_wrong_hard_cases_mixed_20260524T032756Z/hard_cases/mixed_031_rendered_connect_the_lines_000201.png,data/babyvision_data/images/845bd440-b423-4998-9b37-1a066c2fbc21.png,nearest,False,False,26,32,18,data/babyvision_data/images,synthetic_outputs/gemini_wrong_hard_cases_mixed_20260524T032756Z/hard_cases
synthetic_outputs/gemini_wrong_hard_cases_mixed_20260524T032756Z/hard_cases/mixed_032_rendered_connect_the_lines_000207.png,data/babyvision_data/images/e2c4dba6-38ed-4b38-8f98-6199cecbcab9.png,nearest,False,False,27,29,16,data/babyvision_data/images,synthetic_outputs/gemini_wrong_hard_cases_mixed_20260524T032756Z/hard_cases
synthetic_outputs/gemini_wrong_hard_cases_mixed_20260524T032756Z/hard_cases/mixed_032_rendered_connect_the_lines_000207.png,data/babyvision_data/images/81be3996-0374-4529-8979-b5468c6adc36.png,nearest,False,False,25,27,18,data/babyvision_data/images,synthetic_outputs/gemini_wrong_hard_cases_mixed_20260524T032756Z/hard_cases
synthetic_outputs/gemini_wrong_hard_cases_mixed_20260524T032756Z/hard_cases/mixed_032_rendered_connect_the_lines_000207.png,data/babyvision_data/images/70498e1e-6674-41b9-82a3-fadfe068b97c.png,nearest,False,False,27,31,18,data/babyvision_data/images,synthetic_outputs/gemini_wrong_hard_cases_mixed_20260524T032756Z/hard_cases
synthetic_outputs/gemini_wrong_hard_cases_mixed_20260524T032756Z/hard_cases/mixed_033_rendered_connect_the_lines_000219.png,data/babyvision_data/images/732da25b-91ba-4f85-b172-a22b7b73f2a5.jpg,nearest,False,False,31,24,18,data/babyvision_data/images,synthetic_outputs/gemini_wrong_hard_cases_mixed_20260524T032756Z/hard_cases
synthetic_outputs/gemini_wrong_hard_cases_mixed_20260524T032756Z/hard_cases/mixed_033_rendered_connect_the_lines_000219.png,data/babyvision_data/images/d0e505a0-16f5-406f-bdab-440b661e8d90.jpg,nearest,False,False,24,25,18,data/babyvision_data/images,synthetic_outputs/gemini_wrong_hard_cases_mixed_20260524T032756Z/hard_cases
synthetic_outputs/gemini_wrong_hard_cases_mixed_20260524T032756Z/hard_cases/mixed_033_rendered_connect_the_lines_000219.png,data/babyvision_data/images/a1908d24-c780-4c08-beb5-2588b85de1db.png,nearest,False,False,24,28,18,data/babyvision_data/images,synthetic_outputs/gemini_wrong_hard_cases_mixed_20260524T032756Z/hard_cases
synthetic_outputs/gemini_wrong_hard_cases_mixed_20260524T032756Z/hard_cases/mixed_034_rendered_connect_the_lines_000225.png,data/babyvision_data/images/74c6b0c3-8ba1-47f0-ab86-8abaf78f32b3.jpg,nearest,False,False,19,24,18,data/babyvision_data/images,synthetic_outputs/gemini_wrong_hard_cases_mixed_20260524T032756Z/hard_cases
synthetic_outputs/gemini_wrong_hard_cases_mixed_20260524T032756Z/hard_cases/mixed_034_rendered_connect_the_lines_000225.png,data/babyvision_data/images/c3ba8afe-045b-4ee6-9680-c6797f2278e8.png,nearest,False,False,21,26,20,data/babyvision_data/images,synthetic_outputs/gemini_wrong_hard_cases_mixed_20260524T032756Z/hard_cases
synthetic_outputs/gemini_wrong_hard_cases_mixed_20260524T032756Z/hard_cases/mixed_034_rendered_connect_the_lines_000225.png,data/babyvision_data/images/3e40e91d-2be4-4294-a7a0-4401c7602234.png,nearest,False,False,39,30,20,data/babyvision_data/images,synthetic_outputs/gemini_wrong_hard_cases_mixed_20260524T032756Z/hard_cases
synthetic_outputs/gemini_wrong_hard_cases_mixed_20260524T032756Z/hard_cases/mixed_035_rendered_find_the_same_000230.png,data/babyvision_data/images/a450ddcb-8548-49ea-aee4-ff3bede26ef6.jpg,nearest,False,False,12,27,14,data/babyvision_data/images,synthetic_outputs/gemini_wrong_hard_cases_mixed_20260524T032756Z/hard_cases
synthetic_outputs/gemini_wrong_hard_cases_mixed_20260524T032756Z/hard_cases/mixed_035_rendered_find_the_same_000230.png,data/babyvision_data/images/b2343498-7f90-4d99-9a2c-6f14b3feb332.png,nearest,False,False,12,25,16,data/babyvision_data/images,synthetic_outputs/gemini_wrong_hard_cases_mixed_20260524T032756Z/hard_cases
synthetic_outputs/gemini_wrong_hard_cases_mixed_20260524T032756Z/hard_cases/mixed_035_rendered_find_the_same_000230.png,data/babyvision_data/images/2b6ee8c7-4b0c-4d71-851a-d7129af7671c.png,nearest,False,False,14,25,16,data/babyvision_data/images,synthetic_outputs/gemini_wrong_hard_cases_mixed_20260524T032756Z/hard_cases
synthetic_outputs/gemini_wrong_hard_cases_mixed_20260524T032756Z/hard_cases/mixed_036_rendered_connect_the_lines_000001.png,data/babyvision_data/images/f7f7855b-2e32-44ea-8a29-42e45c955965.jpg,nearest,False,False,26,25,18,data/babyvision_data/images,synthetic_outputs/gemini_wrong_hard_cases_mixed_20260524T032756Z/hard_cases
synthetic_outputs/gemini_wrong_hard_cases_mixed_20260524T032756Z/hard_cases/mixed_036_rendered_connect_the_lines_000001.png,data/babyvision_data/images/4a81c121-d34b-43db-893a-5c5056454c6a.png,nearest,False,False,27,24,20,data/babyvision_data/images,synthetic_outputs/gemini_wrong_hard_cases_mixed_20260524T032756Z/hard_cases
synthetic_outputs/gemini_wrong_hard_cases_mixed_20260524T032756Z/hard_cases/mixed_036_rendered_connect_the_lines_000001.png,data/babyvision_data/images/bf961d37-327b-4eeb-bf8f-26bd5810d92d.png,nearest,False,False,23,26,20,data/babyvision_data/images,synthetic_outputs/gemini_wrong_hard_cases_mixed_20260524T032756Z/hard_cases
synthetic_outputs/gemini_wrong_hard_cases_mixed_20260524T032756Z/hard_cases/mixed_037_rendered_connect_the_lines_000004.png,data/babyvision_data/images/2c8e40ab-525c-4189-9eb5-4c5bd9b3099f.jpg,nearest,False,False,28,26,16,data/babyvision_data/images,synthetic_outputs/gemini_wrong_hard_cases_mixed_20260524T032756Z/hard_cases
synthetic_outputs/gemini_wrong_hard_cases_mixed_20260524T032756Z/hard_cases/mixed_037_rendered_connect_the_lines_000004.png,data/babyvision_data/images/74c6b0c3-8ba1-47f0-ab86-8abaf78f32b3.jpg,nearest,False,False,24,22,22,data/babyvision_data/images,synthetic_outputs/gemini_wrong_hard_cases_mixed_20260524T032756Z/hard_cases
synthetic_outputs/gemini_wrong_hard_cases_mixed_20260524T032756Z/hard_cases/mixed_037_rendered_connect_the_lines_000004.png,data/babyvision_data/images/577aaf5a-193c-4c4e-89a1-d73969bcc7c2.png,nearest,False,False,19,24,22,data/babyvision_data/images,synthetic_outputs/gemini_wrong_hard_cases_mixed_20260524T032756Z/hard_cases
synthetic_outputs/gemini_wrong_hard_cases_mixed_20260524T032756Z/hard_cases/mixed_038_rendered_connect_the_lines_000007.png,data/babyvision_data/images/74c6b0c3-8ba1-47f0-ab86-8abaf78f32b3.jpg,nearest,False,False,19,21,20,data/babyvision_data/images,synthetic_outputs/gemini_wrong_hard_cases_mixed_20260524T032756Z/hard_cases
synthetic_outputs/gemini_wrong_hard_cases_mixed_20260524T032756Z/hard_cases/mixed_038_rendered_connect_the_lines_000007.png,data/babyvision_data/images/8ab4cb2d-2e2b-4e6c-ae49-2acb6da6e30a.jpg,nearest,False,False,26,24,22,data/babyvision_data/images,synthetic_outputs/gemini_wrong_hard_cases_mixed_20260524T032756Z/hard_cases
synthetic_outputs/gemini_wrong_hard_cases_mixed_20260524T032756Z/hard_cases/mixed_038_rendered_connect_the_lines_000007.png,data/babyvision_data/images/d1f6d0c5-488a-417a-9689-ec4e59c7ce64.jpg,nearest,False,False,32,31,22,data/babyvision_data/images,synthetic_outputs/gemini_wrong_hard_cases_mixed_20260524T032756Z/hard_cases
synthetic_outputs/gemini_wrong_hard_cases_mixed_20260524T032756Z/hard_cases/mixed_039_rendered_find_the_same_000008.png,data/babyvision_data/images/a450ddcb-8548-49ea-aee4-ff3bede26ef6.jpg,nearest,False,False,12,29,16,data/babyvision_data/images,synthetic_outputs/gemini_wrong_hard_cases_mixed_20260524T032756Z/hard_cases
synthetic_outputs/gemini_wrong_hard_cases_mixed_20260524T032756Z/hard_cases/mixed_039_rendered_find_the_same_000008.png,data/babyvision_data/images/40829b36-905b-4985-a87d-0624ad8b0be8.jpg,nearest,False,False,20,31,16,data/babyvision_data/images,synthetic_outputs/gemini_wrong_hard_cases_mixed_20260524T032756Z/hard_cases
synthetic_outputs/gemini_wrong_hard_cases_mixed_20260524T032756Z/hard_cases/mixed_039_rendered_find_the_same_000008.png,data/babyvision_data/images/2c8e40ab-525c-4189-9eb5-4c5bd9b3099f.jpg,nearest,False,False,12,18,18,data/babyvision_data/images,synthetic_outputs/gemini_wrong_hard_cases_mixed_20260524T032756Z/hard_cases
synthetic_outputs/gemini_wrong_hard_cases_mixed_20260524T032756Z/hard_cases/mixed_040_rendered_connect_the_lines_000016.png,data/babyvision_data/images/24dab832-cf4c-41ae-a5b3-b5e3299c1497.png,nearest,False,False,27,22,20,data/babyvision_data/images,synthetic_outputs/gemini_wrong_hard_cases_mixed_20260524T032756Z/hard_cases
synthetic_outputs/gemini_wrong_hard_cases_mixed_20260524T032756Z/hard_cases/mixed_040_rendered_connect_the_lines_000016.png,data/babyvision_data/images/56962908-30ef-4d46-a8ca-2c304f4e4756.jpg,nearest,False,False,18,25,20,data/babyvision_data/images,synthetic_outputs/gemini_wrong_hard_cases_mixed_20260524T032756Z/hard_cases
synthetic_outputs/gemini_wrong_hard_cases_mixed_20260524T032756Z/hard_cases/mixed_040_rendered_connect_the_lines_000016.png,data/babyvision_data/images/3859be0d-c76b-48f1-9a76-f6193be8ccd5.jpg,nearest,False,False,37,34,20,data/babyvision_data/images,synthetic_outputs/gemini_wrong_hard_cases_mixed_20260524T032756Z/hard_cases
synthetic_outputs/gemini_wrong_hard_cases_mixed_20260524T032756Z/hard_cases/mixed_041_rendered_find_the_same_000020.png,data/babyvision_data/images/a450ddcb-8548-49ea-aee4-ff3bede26ef6.jpg,nearest,False,False,12,27,16,data/babyvision_data/images,synthetic_outputs/gemini_wrong_hard_cases_mixed_20260524T032756Z/hard_cases
synthetic_outputs/gemini_wrong_hard_cases_mixed_20260524T032756Z/hard_cases/mixed_041_rendered_find_the_same_000020.png,data/babyvision_data/images/40829b36-905b-4985-a87d-0624ad8b0be8.jpg,nearest,False,False,20,35,16,data/babyvision_data/images,synthetic_outputs/gemini_wrong_hard_cases_mixed_20260524T032756Z/hard_cases
synthetic_outputs/gemini_wrong_hard_cases_mixed_20260524T032756Z/hard_cases/mixed_041_rendered_find_the_same_000020.png,data/babyvision_data/images/81be3996-0374-4529-8979-b5468c6adc36.png,nearest,False,False,12,19,18,data/babyvision_data/images,synthetic_outputs/gemini_wrong_hard_cases_mixed_20260524T032756Z/hard_cases
synthetic_outputs/gemini_wrong_hard_cases_mixed_20260524T032756Z/hard_cases/mixed_042_rendered_connect_the_lines_000022.png,data/babyvision_data/images/764860bf-1cc6-4eb6-9147-fe49d846e3f5.png,nearest,False,False,17,29,18,data/babyvision_data/images,synthetic_outputs/gemini_wrong_hard_cases_mixed_20260524T032756Z/hard_cases
synthetic_outputs/gemini_wrong_hard_cases_mixed_20260524T032756Z/hard_cases/mixed_042_rendered_connect_the_lines_000022.png,data/babyvision_data/images/2c8e40ab-525c-4189-9eb5-4c5bd9b3099f.jpg,nearest,False,False,26,28,20,data/babyvision_data/images,synthetic_outputs/gemini_wrong_hard_cases_mixed_20260524T032756Z/hard_cases
synthetic_outputs/gemini_wrong_hard_cases_mixed_20260524T032756Z/hard_cases/mixed_042_rendered_connect_the_lines_000022.png,data/babyvision_data/images/3981f844-c205-4f49-8603-c5c53a0d653c.jpg,nearest,False,False,19,29,20,data/babyvision_data/images,synthetic_outputs/gemini_wrong_hard_cases_mixed_20260524T032756Z/hard_cases
synthetic_outputs/gemini_wrong_hard_cases_mixed_20260524T032756Z/hard_cases/mixed_043_rendered_connect_the_lines_000025.png,data/babyvision_data/images/74c6b0c3-8ba1-47f0-ab86-8abaf78f32b3.jpg,nearest,False,False,19,25,18,data/babyvision_data/images,synthetic_outputs/gemini_wrong_hard_cases_mixed_20260524T032756Z/hard_cases
synthetic_outputs/gemini_wrong_hard_cases_mixed_20260524T032756Z/hard_cases/mixed_043_rendered_connect_the_lines_000025.png,data/babyvision_data/images/2c8e40ab-525c-4189-9eb5-4c5bd9b3099f.jpg,nearest,False,False,21,23,20,data/babyvision_data/images,synthetic_outputs/gemini_wrong_hard_cases_mixed_20260524T032756Z/hard_cases
synthetic_outputs/gemini_wrong_hard_cases_mixed_20260524T032756Z/hard_cases/mixed_043_rendered_connect_the_lines_000025.png,data/babyvision_data/images/97827f5f-26ac-4b07-99c2-2841bca4fca3.png,nearest,False,False,23,26,20,data/babyvision_data/images,synthetic_outputs/gemini_wrong_hard_cases_mixed_20260524T032756Z/hard_cases
synthetic_outputs/gemini_wrong_hard_cases_mixed_20260524T032756Z/hard_cases/mixed_044_rendered_connect_the_lines_000028.png,data/babyvision_data/images/4ba898c8-9728-4260-b7c3-6ed9c9de5e49.jpg,nearest,False,False,24,25,18,data/babyvision_data/images,synthetic_outputs/gemini_wrong_hard_cases_mixed_20260524T032756Z/hard_cases
synthetic_outputs/gemini_wrong_hard_cases_mixed_20260524T032756Z/hard_cases/mixed_044_rendered_connect_the_lines_000028.png,data/babyvision_data/images/5b840d1f-79df-4e51-ac91-3451b8478e28.jpg,nearest,False,False,20,28,18,data/babyvision_data/images,synthetic_outputs/gemini_wrong_hard_cases_mixed_20260524T032756Z/hard_cases
synthetic_outputs/gemini_wrong_hard_cases_mixed_20260524T032756Z/hard_cases/mixed_044_rendered_connect_the_lines_000028.png,data/babyvision_data/images/3f6e844f-c32c-49ef-aa36-3052fa6fda82.jpg,nearest,False,False,24,22,20,data/babyvision_data/images,synthetic_outputs/gemini_wrong_hard_cases_mixed_20260524T032756Z/hard_cases
synthetic_outputs/gemini_wrong_hard_cases_mixed_20260524T032756Z/hard_cases/mixed_045_rendered_connect_the_lines_000031.png,data/babyvision_data/images/3814869c-d600-431a-99de-beee1e2c46a5.png,nearest,False,False,29,29,20,data/babyvision_data/images,synthetic_outputs/gemini_wrong_hard_cases_mixed_20260524T032756Z/hard_cases
synthetic_outputs/gemini_wrong_hard_cases_mixed_20260524T032756Z/hard_cases/mixed_045_rendered_connect_the_lines_000031.png,data/babyvision_data/images/b9816827-1a10-4154-9ab6-d9058261a006.png,nearest,False,False,26,31,20,data/babyvision_data/images,synthetic_outputs/gemini_wrong_hard_cases_mixed_20260524T032756Z/hard_cases
synthetic_outputs/gemini_wrong_hard_cases_mixed_20260524T032756Z/hard_cases/mixed_045_rendered_connect_the_lines_000031.png,data/babyvision_data/images/571d04b9-a05f-4a8a-a6f9-3093532e057f.jpeg,nearest,False,False,23,18,22,data/babyvision_data/images,synthetic_outputs/gemini_wrong_hard_cases_mixed_20260524T032756Z/hard_cases
synthetic_outputs/gemini_wrong_hard_cases_mixed_20260524T032756Z/hard_cases/mixed_046_rendered_connect_the_lines_000034.png,data/babyvision_data/images/f63f93f6-51b2-4a72-9a96-c1ba5d06dc4b.jpg,nearest,False,False,23,23,20,data/babyvision_data/images,synthetic_outputs/gemini_wrong_hard_cases_mixed_20260524T032756Z/hard_cases
synthetic_outputs/gemini_wrong_hard_cases_mixed_20260524T032756Z/hard_cases/mixed_046_rendered_connect_the_lines_000034.png,data/babyvision_data/images/2c8e40ab-525c-4189-9eb5-4c5bd9b3099f.jpg,nearest,False,False,25,27,20,data/babyvision_data/images,synthetic_outputs/gemini_wrong_hard_cases_mixed_20260524T032756Z/hard_cases
synthetic_outputs/gemini_wrong_hard_cases_mixed_20260524T032756Z/hard_cases/mixed_046_rendered_connect_the_lines_000034.png,data/babyvision_data/images/93dd7d05-1484-4635-9f95-bef1aebcad00.png,nearest,False,False,29,24,22,data/babyvision_data/images,synthetic_outputs/gemini_wrong_hard_cases_mixed_20260524T032756Z/hard_cases
synthetic_outputs/gemini_wrong_hard_cases_mixed_20260524T032756Z/hard_cases/mixed_047_ai_mirroring_patterns_000015.png,data/babyvision_data/images/44971773-3deb-422c-8d1f-469c14e73ce0.png,nearest,False,False,20,31,18,data/babyvision_data/images,synthetic_outputs/gemini_wrong_hard_cases_mixed_20260524T032756Z/hard_cases
synthetic_outputs/gemini_wrong_hard_cases_mixed_20260524T032756Z/hard_cases/mixed_047_ai_mirroring_patterns_000015.png,data/babyvision_data/images/77292d06-e047-41c3-a097-2d75fef67c2d.png,nearest,False,False,27,23,20,data/babyvision_data/images,synthetic_outputs/gemini_wrong_hard_cases_mixed_20260524T032756Z/hard_cases
synthetic_outputs/gemini_wrong_hard_cases_mixed_20260524T032756Z/hard_cases/mixed_047_ai_mirroring_patterns_000015.png,data/babyvision_data/images/b54c4748-8ef6-4d9a-92e5-ccd06687d426.jpg,nearest,False,False,17,25,20,data/babyvision_data/images,synthetic_outputs/gemini_wrong_hard_cases_mixed_20260524T032756Z/hard_cases
synthetic_outputs/gemini_wrong_hard_cases_mixed_20260524T032756Z/hard_cases/mixed_048_ai_mirroring_patterns_000001.png,data/babyvision_data/images/0950579a-5d14-4ac8-b24a-2639291ae522.jpg,nearest,False,False,15,25,14,data/babyvision_data/images,synthetic_outputs/gemini_wrong_hard_cases_mixed_20260524T032756Z/hard_cases
synthetic_outputs/gemini_wrong_hard_cases_mixed_20260524T032756Z/hard_cases/mixed_048_ai_mirroring_patterns_000001.png,data/babyvision_data/images/9898e0d9-d7b0-41c0-b3ab-f59c7a843563.jpg,nearest,False,False,18,27,14,data/babyvision_data/images,synthetic_outputs/gemini_wrong_hard_cases_mixed_20260524T032756Z/hard_cases
synthetic_outputs/gemini_wrong_hard_cases_mixed_20260524T032756Z/hard_cases/mixed_048_ai_mirroring_patterns_000001.png,data/babyvision_data/images/b54c4748-8ef6-4d9a-92e5-ccd06687d426.jpg,nearest,False,False,20,20,16,data/babyvision_data/images,synthetic_outputs/gemini_wrong_hard_cases_mixed_20260524T032756Z/hard_cases
synthetic_outputs/gemini_wrong_hard_cases_mixed_20260524T032756Z/hard_cases/mixed_049_ai_mirroring_patterns_000002.png,data/babyvision_data/images/0edfe18c-194d-4219-95bb-ba045cbe3f85.jpg,nearest,False,False,29,23,20,data/babyvision_data/images,synthetic_outputs/gemini_wrong_hard_cases_mixed_20260524T032756Z/hard_cases
synthetic_outputs/gemini_wrong_hard_cases_mixed_20260524T032756Z/hard_cases/mixed_049_ai_mirroring_patterns_000002.png,data/babyvision_data/images/0009e1a6-a625-4d52-a1fc-f3f2e634ef2a.jpg,nearest,False,False,23,16,22,data/babyvision_data/images,synthetic_outputs/gemini_wrong_hard_cases_mixed_20260524T032756Z/hard_cases
synthetic_outputs/gemini_wrong_hard_cases_mixed_20260524T032756Z/hard_cases/mixed_049_ai_mirroring_patterns_000002.png,data/babyvision_data/images/c2ce8a0b-bc0a-4fcc-8db0-3eb29f30fbdc.png,nearest,False,False,19,18,22,data/babyvision_data/images,synthetic_outputs/gemini_wrong_hard_cases_mixed_20260524T032756Z/hard_cases
synthetic_outputs/gemini_wrong_hard_cases_mixed_20260524T032756Z/hard_cases/mixed_050_ai_rotation_patterns_000009.png,data/babyvision_data/images/a35448b7-cf97-4098-856b-a13455b823eb.png,nearest,False,False,27,22,20,data/babyvision_data/images,synthetic_outputs/gemini_wrong_hard_cases_mixed_20260524T032756Z/hard_cases
synthetic_outputs/gemini_wrong_hard_cases_mixed_20260524T032756Z/hard_cases/mixed_050_ai_rotation_patterns_000009.png,data/babyvision_data/images/d53bf4fe-d9bf-487e-a37c-1024ff293c68.jpg,nearest,False,False,30,27,20,data/babyvision_data/images,synthetic_outputs/gemini_wrong_hard_cases_mixed_20260524T032756Z/hard_cases
synthetic_outputs/gemini_wrong_hard_cases_mixed_20260524T032756Z/hard_cases/mixed_050_ai_rotation_patterns_000009.png,data/babyvision_data/images/067d656a-b95f-47ce-a0c3-7e54cdf6dc40.jpg,nearest,False,False,19,29,20,data/babyvision_data/images,synthetic_outputs/gemini_wrong_hard_cases_mixed_20260524T032756Z/hard_cases
